iter	RMSE
0	53.65618539
50	53.20217165
100	52.94698155
150	52.75029113
200	52.62444719
250	52.4885832
300	52.38293775
350	52.28018774
400	52.19744259
450	52.12292743
499	52.07101534
